City,2010,2011,2012,2013,2014,2015,2016,2017,2018,2019
"Adelanto city, California",31661,31864,31088,31206,32522,32961,33249,33952,34070,34049
"Agoura Hills city, California",20338,20475,20544,20591,20648,20740,20665,20572,20411,20222
"Alameda city, California",73946,74692,75637,76479,77509,78459,79091,79037,78344,77624
"Albany city, California",18539,18720,18957,19187,19434,19662,19713,20076,19885,19696
"Alhambra city, California",83160,83594,84120,84337,84786,84843,85221,84878,84373,83750
"Aliso Viejo city, California",47801,48474,49038,49538,49542,49499,50858,50982,51206,50887
"Alturas city, California",2832,2772,2719,2652,2636,2626,2589,2551,2523,2563
"Amador City city, California",182,182,181,180,182,186,188,189,190,190
"American Canyon city, California",19633,19839,20011,20224,20285,20317,20268,20055,20211,20475
"Anaheim city, California",336760,339831,342071,343832,344604,348251,350013,350476,350698,350365
"Anderson city, California",9976,10024,10061,10123,10188,10179,10193,10369,10486,10630
"Angels city, California",3801,3774,3744,3731,3735,3755,3849,3881,3911,3956
"Antioch city, California",103080,104193,105565,107351,109071,110308,111088,111494,111578,111502
"Apple Valley town, California",69307,70025,70381,70706,71141,71747,72262,72871,73349,73453
"Arcadia city, California",56322,56594,56801,57215,57513,57835,58238,58374,58385,57939
"Arcata city, California",17681,17912,17875,17860,17869,17945,18100,18148,18246,18431
"Arroyo Grande city, California",17292,17355,17522,17696,17859,18027,18051,18057,18037,17976
"Artesia city, California",16519,16575,16630,16679,16755,16835,16826,16808,16702,16601
"Arvin city, California",19345,19676,20058,20260,20498,20741,20997,21124,21446,21851
"Atascadero city, California",28418,28585,28725,29000,29329,29910,30173,30316,30257,30075
"Atherton town, California",6915,6950,7023,7087,7127,7163,7234,7215,7178,7137
"Atwater city, California",28286,28527,28622,28712,28861,29048,29196,29270,29415,29559
"Auburn city, California",13345,13523,13611,13818,13878,13868,13919,13971,14078,14195
"Avalon city, California",3728,3742,3754,3761,3768,3769,3758,3743,3712,3681
"Avenal city, California",15278,15095,14858,14133,13257,13236,12434,12407,13218,13496
"Azusa city, California",46534,46722,47360,47889,48561,49502,49683,49799,49811,49974
"Bakersfield city, California",348987,353221,357312,362834,366954,371348,374699,377940,381714,384145
"Baldwin Park city, California",75421,75750,76183,76364,76375,76427,76219,75948,75572,75251
"Banning city, California",29723,29993,30219,30429,30612,30761,30963,31160,31235,31221
"Barstow city, California",22812,23020,23118,23301,23484,23689,23894,23981,23944,23915
"Beaumont city, California",37261,38514,39286,40337,41994,43479,45156,46848,49126,51063
"Bell city, California",35481,35640,35758,35847,35874,35892,35756,35596,35612,35521
"Bellflower city, California",76624,76939,77202,77404,77532,77794,77581,77326,76906,76435
"Bell Gardens city, California",42056,42211,42628,42706,42714,42743,42675,42489,42192,42012
"Belmont city, California",25870,26173,26509,26770,27013,27204,27177,27057,27075,26941
"Belvedere city, California",2073,2091,2106,2121,2134,2128,2123,2116,2109,2104
"Benicia city, California",27063,27190,27380,27578,27827,28029,28126,28255,28282,28240
"Berkeley city, California",112889,113968,115309,116944,118697,120749,121547,122164,121663,121363
"Beverly Hills city, California",33937,34077,34254,34308,34363,34386,34402,34242,34051,33792
"Big Bear Lake city, California",5047,5089,5112,5127,5159,5201,5232,5264,5271,5279
"Biggs city, California",1703,1693,1692,1689,1692,1690,1695,1706,1716,1879
"Bishop city, California",3872,3847,3837,3832,3815,3772,3728,3722,3728,3747
"Blue Lake city, California",1253,1246,1241,1238,1238,1248,1266,1263,1258,1245
"Blythe city, California",20569,20294,20659,19868,19268,19202,19786,19705,19964,19682
"Bradbury city, California",1047,1056,1062,1073,1073,1079,1075,1085,1079,1070
"Brawley city, California",25038,25226,25473,25519,25660,25728,26050,26217,26172,26227
"Brea city, California",39422,39828,40139,40906,41265,41693,42392,42574,43484,43255
"Brentwood city, California",51813,52716,53508,54916,56854,58796,60571,62265,63760,64474
"Brisbane city, California",4290,4345,4402,4453,4602,4712,4711,4702,4683,4671
"Buellton city, California",4855,4877,4921,4978,5036,5069,5097,5094,5090,5102
"Buena Park city, California",80792,81553,82045,82717,82621,82770,82988,82619,82187,81788
"Burbank city, California",103351,103732,104077,104355,104405,104472,104097,104174,103349,102511
"Burlingame city, California",28838,29261,29640,29928,30258,30458,30439,30588,30434,30889
"Calabasas city, California",23464,23742,23825,24041,24058,24102,24068,24047,23867,23853
"Calexico city, California",38661,38927,39147,39298,39550,39767,40028,40083,40072,39825
"California City city, California",13467,12834,13344,13202,13203,13202,13656,13884,14167,14198
"Calimesa city, California",7918,7997,8092,8201,8380,8493,8621,8807,8944,9160
"Calipatria city, California",7689,7684,7986,7083,7491,7391,7505,7539,7418,7114
"Calistoga city, California",5174,5204,5224,5256,5274,5285,5285,5241,5300,5247
"Camarillo city, California",65257,65515,65656,65882,66517,67171,67141,67403,68883,69888
"Campbell city, California",40669,41027,41519,41891,42256,42262,42303,42567,42243,41793
"Canyon Lake city, California",10599,10699,10783,10861,10945,11007,11095,11188,11251,11280
"Capitola city, California",9925,9968,10010,10066,10114,10166,10178,10152,10073,10010
"Carlsbad city, California",105674,107460,108948,110665,111609,112662,113265,114477,115518,115382
"Carmel-by-the-Sea city, California",3687,3716,3749,3780,3804,3821,3836,3822,3815,3811
"Carpinteria city, California",13013,13021,13144,13460,13565,13605,13598,13540,13436,13385
"Carson city, California",91599,91690,92162,92535,92684,92752,92572,92193,91626,91394
"Cathedral City city, California",51452,52077,52478,52846,53187,53516,53943,54413,54793,55007
"Ceres city, California",45901,46057,46263,46482,46918,47431,47985,48340,48540,48706
"Cerritos city, California",49042,49223,49384,49507,49532,49546,50346,50697,50288,49859
"Chico city, California",86783,87269,87915,88362,89491,90369,91564,93066,94342,103301
"Chino city, California",78644,79591,79949,80799,84296,85169,87468,89601,91356,94371
"Chino Hills city, California",74963,75639,76042,76285,76509,77826,78452,80115,83239,83853
"Chowchilla city, California",18718,18892,18049,17357,18843,18391,18179,18457,18709,18310
"Chula Vista city, California",244648,248318,252379,256691,259885,264206,266238,269046,270819,274492
"Citrus Heights city, California",83273,83781,84308,84924,85665,86543,87179,87675,87707,87796
"Claremont city, California",34899,35190,35281,35650,35715,35962,35889,35835,36370,36266
"Clayton city, California",10958,11148,11271,11481,11667,11840,12008,12127,12196,12265
"Clearlake city, California",15267,15139,15067,15015,15052,15101,15526,15532,15355,15267
"Cloverdale city, California",8621,8650,8665,8716,8754,8774,8781,8741,8844,8656
"Clovis city, California",96386,97557,98588,99631,101904,103828,106353,109316,111824,114584
"Coachella city, California",40984,41878,42571,42960,43885,44344,44785,45280,45751,45743
"Coalinga city, California",18330,18303,17055,16974,16647,16755,16827,16988,16774,17179
"Colfax city, California",1957,1975,1987,1996,2000,1994,1997,1999,1996,2002
"Colma town, California",1435,1451,1470,1484,1497,1505,1500,1493,1492,1489
"Colton city, California",52261,52712,52945,53105,53706,54291,54507,54680,54637,54824
"Colusa city, California",6229,6190,6190,6171,6126,6105,6156,6146,6094,6060
"Commerce city, California",12840,12887,12929,12960,12964,12963,12922,12862,12762,12661
"Compton city, California",96442,96933,97350,97600,97634,97639,97281,97047,96348,95605
"Concord city, California",122505,123518,124678,125888,127128,128303,129036,129592,129743,129295
"Corcoran city, California",24467,24133,23694,23350,22834,22516,22716,21820,21720,21960
"Corning city, California",7676,7643,7612,7550,7516,7531,7546,7582,7564,7710
"Corona city, California",153052,154693,157405,158763,160419,163154,166067,167310,168476,169868
"Coronado city, California",23961,23336,23194,23347,23549,23682,25084,24323,21336,23731
"Corte Madera town, California",9273,9350,9386,9469,9908,9899,9864,9820,9803,9751
"Costa Mesa city, California",110221,111151,111790,112244,112485,112808,112933,113665,113302,113003
"Cotati city, California",7273,7303,7320,7375,7411,7427,7443,7451,7584,7410
"Covina city, California",47785,47963,48211,48350,48538,48569,48393,48178,47820,47450
"Crescent City city, California",7596,7517,7393,7169,6780,6767,6644,6386,6805,6787
"Cudahy city, California",23809,23901,23987,24050,24070,24111,24039,23934,23755,23569
"Culver City city, California",38888,39024,39208,39312,39329,39369,39231,39024,39059,39185
"Cupertino city, California",58689,59172,59769,60198,60592,60519,60900,60588,60004,59276
"Cypress city, California",47957,48399,48677,48971,48936,48994,48813,48835,48826,49006
"Daly City city, California",101262,102460,103915,104980,105887,106538,106882,106733,106869,106280
"Dana Point city, California",33336,33634,33830,33962,33927,33968,33931,33768,33629,33577
"Danville town, California",41987,42379,42801,43262,43817,44311,44715,44727,44683,44510
"Davis city, California",65584,65657,65781,66213,66545,67367,68028,68802,69220,69413
"Delano city, California",53130,53620,52403,52331,52447,52495,52568,52877,52921,53573
"Del Mar city, California",4173,4202,4236,4273,4299,4330,4348,4340,4335,4319
"Del Rey Oaks city, California",1628,1640,1655,1664,1670,1674,1679,1672,1662,1654
"Desert Hot Springs city, California",27172,27422,27628,27817,28008,28145,28397,28648,28815,28878
"Diamond Bar city, California",55588,55854,56087,56233,56279,56429,56581,56334,56106,55720
"Dinuba city, California",21570,22606,22809,23233,23528,23554,23875,23903,24236,24461
"Dixon city, California",18431,18490,18619,18931,19098,19299,19766,20138,20478,20698
"Dorris city, California",941,930,915,902,900,903,902,903,898,897
"Dos Palos city, California",4962,5003,5017,5026,5046,5084,5217,5407,5502,5527
"Downey city, California",111785,112215,112582,112858,113091,113260,112896,112426,111915,111126
"Duarte city, California",21348,21425,21601,21646,21808,21809,21725,21624,21454,21271
"Dublin city, California",45903,46804,48700,52027,54554,57545,59579,60797,63423,64826
"Dunsmuir city, California",1640,1619,1595,1572,1567,1571,1571,1572,1568,1564
"East Palo Alto city, California",28222,28551,28926,29212,29482,29661,29811,29671,29486,29314
"Eastvale city, California",54054,54966,55627,56247,57386,59231,60670,62309,63815,64157
"El Cajon city, California",99823,100795,101537,102303,102789,103230,103527,103468,103041,102708
"El Centro city, California",42678,42977,43023,43316,43496,43655,44028,44114,44089,44079
"El Cerrito city, California",23644,23845,24074,24323,24551,24902,25458,25468,25607,25508
"Elk Grove city, California",153375,155615,158083,160251,162701,165997,169156,171425,172603,174775
"El Monte city, California",113677,114101,114843,115414,115627,115824,115550,115514,115308,115487
"El Paso de Robles (Paso Robles) city, California",29786,30076,30399,30718,31108,31346,31722,31772,32133,32153
"El Segundo city, California",16656,16719,16796,16855,16900,16891,16835,16752,16663,16610
"Emeryville city, California",10125,10222,10358,10878,11311,11765,11792,11751,12109,12086
"Encinitas city, California",59684,60264,60890,61555,62023,62590,62921,62884,62750,62709
"Escalon city, California",7135,7190,7215,7216,7343,7474,7501,7550,7566,7574
"Escondido city, California",144440,146099,147570,148794,149708,150683,151204,151220,151793,151625
"Etna city, California",736,730,724,714,712,711,713,716,717,718
"Eureka city, California",27201,27161,26931,26895,26874,26902,27153,27126,26968,26710
"Exeter city, California",10341,10375,10420,10458,10490,10486,10477,10502,10508,10485
"Fairfax town, California",7450,7512,7545,7609,7631,7624,7602,7568,7560,7522
"Fairfield city, California",105598,106245,107497,109137,110727,112365,114456,115817,116678,117133
"Farmersville city, California",10585,10594,10639,10680,10711,10710,10702,10726,10729,10703
"Ferndale city, California",1374,1379,1367,1362,1363,1364,1371,1372,1363,1352
"Fillmore city, California",15013,15076,15117,15226,15324,15444,15557,15703,15742,15870
"Firebaugh city, California",7601,7764,7894,8053,8259,8276,8290,8294,8315,8296
"Folsom city, California",72110,72542,73042,72782,74950,75935,76999,77798,78842,81328
"Fontana city, California",197317,199880,201212,202670,203972,206163,208718,211122,213202,214547
"Fort Bragg city, California",7307,7277,7279,7268,7283,7277,7291,7308,7347,7291
"Fort Jones city, California",710,704,694,686,684,683,685,690,689,692
"Fortuna city, California",12048,12028,11927,11891,11973,12057,12199,12277,12322,12259
"Foster City city, California",30609,30965,32098,32416,32698,33470,34279,34292,34109,33901
"Fountain Valley city, California",55470,55950,56318,56601,56671,56643,56423,56051,55663,55357
"Fowler city, California",5665,5921,5929,5938,6028,6242,6353,6487,6750,6790
"Fremont city, California",214553,217391,221426,224796,228274,231687,233478,234544,237811,241110
"Fresno city, California",497769,501429,505414,508880,514100,518203,521426,525373,528814,531576
"Fullerton city, California",135291,136386,138103,138637,138840,139982,140454,139744,139273,138632
"Galt city, California",23739,24142,24274,24433,24760,25226,25619,26167,26378,26536
"Gardena city, California",58835,59114,59368,59788,59843,59946,59873,59871,59540,59329
"Garden Grove city, California",171181,172957,173809,174422,174423,174343,174571,173422,172195,171644
"Gilroy city, California",49006,49700,50718,51893,52538,53259,55369,57549,58588,59032
"Glendale city, California",191720,192656,193859,195318,198232,199197,200118,201804,200688,199303
"Glendora city, California",50376,50624,50795,51120,51065,51769,51882,51997,51846,51544
"Goleta city, California",30143,30176,30387,30639,30880,30963,30921,31098,30954,30911
"Gonzales city, California",8171,8230,8301,8349,8379,8402,8428,8396,8349,8306
"Grand Terrace city, California",12064,12155,12243,12301,12334,12387,12460,12557,12556,12584
"Grass Valley city, California",12876,12903,12820,12784,12840,12929,12927,12932,12881,12817
"Greenfield city, California",16414,16540,16682,16766,16826,17047,17361,17362,17561,17516
"Gridley city, California",6634,6605,6605,6603,6624,6617,6622,6636,6634,7246
"Grover Beach city, California",13176,13210,13307,13403,13464,13526,13586,13585,13501,13459
"Guadalupe city, California",7086,7091,7139,7191,7248,7279,7288,7319,7613,7783
"Gustine city, California",5534,5582,5601,5621,5649,5712,5801,5815,5847,5882
"Half Moon Bay city, California",11345,11501,11677,12054,12355,12657,12761,12840,12974,12932
"Hanford city, California",54463,54612,54524,54741,55086,55608,55663,56383,56971,57703
"Hawaiian Gardens city, California",14277,14329,14376,14419,14430,14461,14423,14356,14262,14159
"Hawthorne city, California",84295,84922,85359,85863,86740,87669,87685,87308,86671,86068
"Hayward city, California",144835,146935,149406,151753,154376,157999,159331,160324,159760,159203
"Healdsburg city, California",11309,11350,11392,11485,11613,11705,11806,11795,12076,11845
"Hemet city, California",79090,80226,81033,81718,82541,83305,84121,84809,85148,85334
"Hercules city, California",24147,24346,24571,24804,25038,25271,25416,25505,25612,26276
"Hermosa Beach city, California",19506,19570,19640,19674,19659,19688,19722,19590,19404,19320
"Hesperia city, California",90279,91168,91568,91777,92071,92653,93251,94473,95013,95750
"Hidden Hills city, California",1856,1869,1878,1891,1895,1908,1916,1910,1891,1890
"Highland city, California",53218,53671,53939,54150,54325,54553,54752,55198,55311,55417
"Hillsborough town, California",10859,11001,11131,11261,11379,11466,11490,11464,11446,11387
"Hollister city, California",34973,35304,35731,36184,36665,36960,37576,38377,39750,40740
"Holtville city, California",5961,6002,6007,6021,6251,6360,6418,6559,6661,6621
"Hughson city, California",6664,6714,6849,6988,7177,7319,7398,7467,7538,7565
"Huntington Beach city, California",191296,192995,194174,197107,199610,200653,200284,200938,200126,199223
"Huntington Park city, California",58125,58334,58524,58739,58908,58933,58701,58476,57998,57509
"Huron city, California",6752,6745,6754,6765,6779,6802,6924,7285,7278,7281
"Imperial city, California",14836,15190,15556,16111,16680,16943,17089,17432,17671,18120
"Imperial Beach city, California",26388,26617,26821,27031,27055,27259,27329,27278,27362,27440
"Indian Wells city, California",4982,5040,5088,5139,5193,5255,5324,5392,5435,5470
"Indio city, California",79665,81046,82250,83358,85127,86917,88196,89438,90970,91765
"Industry city, California",214,206,204,207,207,207,207,206,204,202
"Inglewood city, California",109658,110501,110866,110954,110840,110693,110271,109907,109038,108151
"Ione city, California",7748,7562,7318,6963,6972,6997,7031,7818,8381,8568
"Irvine city, California",213450,220303,229063,236057,247136,255382,265345,276000,281732,287401
"Irwindale city, California",1418,1416,1413,1413,1417,1421,1427,1452,1458,1446
"Isleton city, California",805,810,815,819,824,830,835,844,843,844
"Jackson city, California",4658,4624,4607,4596,4611,4660,4695,4734,4793,4840
"Jurupa Valley city, California",95590,97195,98350,99469,100080,101460,103240,105760,108314,109527
"Kerman city, California",13634,13877,14285,14299,14329,14412,14534,14860,14987,15282
"King City city, California",12902,13001,13119,13189,13482,13789,13830,13941,13970,14077
"Kingsburg city, California",11464,11556,11636,11698,11727,11800,11831,12013,12071,12108
"La Cañada Flintridge city, California",20258,20348,20417,20470,20451,20428,20397,20297,20161,20009
"Lafayette city, California",23873,24288,24570,25024,25423,25790,26153,26388,26524,26638
"Laguna Beach city, California",22765,22976,23098,23213,23214,23232,23165,23045,22931,22827
"Laguna Hills city, California",30713,30983,31146,31260,31215,31973,31849,31631,31395,31207
"Laguna Niguel city, California",63119,63774,64134,64381,65079,65396,65145,66011,66079,66385
"Laguna Woods city, California",16012,16148,16233,16290,16264,16251,16184,16068,15949,15850
"La Habra city, California",59108,59658,59970,60224,60421,60473,60292,60898,60778,60513
"La Habra Heights city, California",6540,6573,6606,6622,6628,6639,6616,6590,6545,6492
"Lake Elsinore city, California",53627,55078,56044,57711,60111,61955,63807,66066,68051,69283
"Lake Forest city, California",77552,78299,78727,79112,79678,81964,83019,83878,85381,85531
"Lakeport city, California",4757,4717,4683,4753,4765,4780,4909,4909,4926,5006
"Lakewood city, California",80079,80413,80672,80883,80927,80951,80895,80510,79907,79307
"La Mesa city, California",57149,57644,58099,58556,58855,59697,59751,59722,59389,59249
"La Mirada city, California",48535,48702,48851,48961,49019,49129,49054,48827,48544,48183
"Lancaster city, California",156824,158078,158253,159055,159634,159813,159633,159434,158622,157601
"La Palma city, California",15545,15676,15757,15846,15819,15806,15739,15644,15525,15428
"La Puente city, California",39843,40032,40166,40305,40367,40412,40250,40078,39772,39614
"La Quinta city, California",37670,38142,38494,39119,39742,40209,40777,41180,41464,41748
"Larkspur city, California",11920,12022,12075,12185,12286,12383,12362,12316,12302,12254
"Lathrop city, California",17695,18313,18615,19120,19506,20287,21564,22221,23227,24483
"La Verne city, California",31103,31231,31349,31659,32240,32442,32350,32258,32096,31974
"Lawndale city, California",32775,32902,33019,33108,33141,33157,33033,32875,32647,32389
"Lemon Grove city, California",25380,25603,25934,26116,26404,26554,26766,26963,26885,26811
"Lemoore city, California",24537,24467,24614,24826,25010,25452,25666,26262,26470,26725
"Lincoln city, California",43099,43771,44240,45018,45727,46286,46965,47525,47862,48275
"Lindsay city, California",11772,12659,12771,12938,13107,13147,13213,13249,13448,13463
"Live Oak city, California",8465,8550,8361,8373,8383,8411,8707,8724,8723,8912
"Livermore city, California",81599,82589,83831,85448,87017,88248,89572,90137,90253,90189
"Livingston city, California",13068,13366,13416,13460,13722,13810,13916,14085,14417,14896
"Lodi city, California",62253,62741,63048,63128,63620,64264,64578,65715,67003,67586
"Loma Linda city, California",23368,23533,23632,23691,23749,23952,24091,24132,24331,24482
"Lomita city, California",20263,20364,20490,20597,20619,20659,20629,20576,20448,20320
"Lompoc city, California",42322,42188,43075,43384,43870,43916,43537,43274,42689,42853
"Long Beach city, California",462431,464512,466873,468000,469109,470128,468719,466646,465865,462628
"Loomis town, California",6435,6524,6579,6640,6687,6691,6747,6793,6819,6866
"Los Alamitos city, California",11391,11492,11560,11597,11631,11621,11587,11526,11458,11399
"Los Altos city, California",29091,29473,29813,30014,30277,30667,30728,30677,30456,30089
"Los Altos Hills town, California",8069,8148,8264,8345,8440,8468,8564,8561,8530,8423
"Los Angeles city, California",3795512,3820876,3851202,3881622,3909901,3938568,3963226,3975788,3977596,3979576
"Los Banos city, California",36070,36367,36495,36608,36820,37151,37461,38933,39960,41036
"Los Gatos town, California",29792,30123,30443,30722,30976,30970,30984,30914,30599,30222
"Loyalton city, California",761,732,722,714,701,704,696,707,702,702
"Lynwood city, California",69595,69661,70576,71146,71193,71397,70979,70685,70285,69887
"McFarland city, California",12723,12784,12362,12430,13577,13941,14484,14996,15139,15506
"Madera city, California",61603,61907,62382,62749,63230,63690,64187,64941,65440,65860
"Malibu city, California",12639,12691,12750,12807,12839,12865,12853,12817,12757,11820
"Mammoth Lakes town, California",8231,8284,8226,8058,8086,8045,8158,8182,8220,8235
"Manhattan Beach city, California",35123,35232,35345,35426,35461,35504,35608,35702,35418,35183
"Manteca city, California",67733,69244,70884,71761,73157,75088,76831,79079,81603,83028
"Maricopa city, California",1155,1162,1170,1178,1185,1187,1187,1191,1194,1192
"Marina city, California",19743,19876,20149,20269,20680,21071,21622,21986,22456,22781
"Martinez city, California",36157,36502,36825,37119,37473,38050,38325,38411,38406,38297
"Marysville city, California",12094,12097,12113,12154,12165,12154,12193,12351,12452,12476
"Maywood city, California",27381,27474,27543,27614,27628,27636,27536,27406,27196,26973
"Mendota city, California",11332,11501,11519,11512,11505,11526,11541,11543,11526,11511
"Menifee city, California",77929,79665,81026,83045,84522,86411,88057,90104,92249,94756
"Menlo Park city, California",32080,32450,32821,33013,33211,33389,33970,34184,34500,34698
"Merced city, California",79131,79705,80231,80703,81120,81775,82232,82589,83113,83676
"Millbrae city, California",21572,21847,22123,22480,22669,22803,22764,22649,22530,22394
"Mill Valley city, California",13921,14064,14157,14307,14379,14377,14351,14287,14296,14259
"Milpitas city, California",66729,67124,68862,69944,73560,77485,77829,77874,80208,84196
"Mission Viejo city, California",93225,94020,94627,96003,96622,96543,96149,95551,94925,94381
"Modesto city, California",203301,204017,205040,206075,207652,209245,211231,213000,214389,215196
"Monrovia city, California",36599,36744,36859,36992,37066,37153,37019,36846,36592,36331
"Montague city, California",1444,1431,1411,1395,1388,1388,1388,1396,1394,1398
"Montclair city, California",36743,37279,37440,37923,38212,38447,38784,39124,39324,40083
"Montebello city, California",62490,62903,63123,63279,63322,63379,63134,62823,62440,61954
"Monterey city, California",27908,28246,28750,28600,28549,28496,28568,28411,28170,28178
"Monterey Park city, California",60218,60460,60645,60796,60832,60908,60830,60668,60198,59669
"Monte Sereno city, California",3331,3360,3401,3442,3473,3489,3511,3514,3480,3427
"Moorpark city, California",34644,34906,35010,35136,35474,36000,36444,36561,36438,36375
"Moraga town, California",16057,16308,16476,16753,16993,17220,17441,17600,17693,17783
"Moreno Valley city, California",194240,196590,198214,200195,201831,202919,204711,206741,208889,213055
"Morgan Hill city, California",38071,38840,39490,41028,42074,42991,44430,44961,45084,45952
"Morro Bay city, California",10244,10281,10365,10447,10498,10578,10612,10603,10559,10543
"Mountain View city, California",74236,75108,76507,77955,79150,80345,80821,81189,83168,82739
"Mount Shasta city, California",3390,3352,3311,3263,3271,3274,3270,3286,3277,3274
"Murrieta city, California",104229,105370,106509,107361,108037,109372,111492,112995,114715,116223
"Napa city, California",77185,77679,78168,78728,79384,79636,79616,79083,78946,78130
"National City city, California",58624,59042,59369,59776,60132,60721,60967,61083,61272,61394
"Needles city, California",4836,4875,4896,4908,4928,4949,4967,4987,4977,4976
"Nevada City city, California",3080,3103,3095,3095,3070,3153,3145,3136,3139,3148
"Newark city, California",42628,43019,43533,44078,44640,45236,45872,47429,48185,49149
"Newman city, California",10273,10527,10580,10629,10711,10840,11065,11288,11611,11784
"Newport Beach city, California",85329,86073,86522,86877,86688,86585,86510,85740,85074,84534
"Norco city, California",27240,27366,27457,27033,26998,26307,26807,26861,26791,26604
"Norwalk city, California",105544,105903,105976,106122,106189,106237,105844,105466,104798,103949
"Novato city, California",51970,52680,53221,54142,54856,55406,55913,55701,55640,55516
"Oakdale city, California",20823,20949,21224,21457,21764,22125,22573,23026,23395,23596
"Oakland city, California",391406,396086,401104,406648,412901,418211,420947,424382,429056,433031
"Oakley city, California",35666,36596,37177,38142,39118,39708,40665,41618,42121,42543
"Oceanside city, California",168079,170008,171590,173175,174318,175189,175451,175884,175758,175742
"Ojai city, California",7482,7515,7540,7573,7593,7593,7573,7545,7480,7470
"Ontario city, California",164377,165756,166630,167096,168097,170210,172561,175334,180718,185010
"Orange city, California",137103,138539,139372,139972,139424,140503,140581,140251,139449,138669
"Orange Cove city, California",9750,10190,10205,10215,10220,10258,10272,10293,10286,10273
"Orinda city, California",17820,18124,18333,18674,18973,19251,19521,19707,19821,19926
"Orland city, California",7384,7452,7397,7442,7486,7489,7523,7622,7635,7827
"Oroville city, California",18700,18604,18640,18750,18945,18956,18996,19103,19130,20737
"Oxnard city, California",198539,199968,201105,202835,204560,206228,207455,208831,209271,208881
"Pacifica city, California",37394,37844,38335,38722,39074,39309,39267,38999,38754,38546
"Pacific Grove city, California",15081,15214,15355,15435,15495,15551,15585,15575,15487,15413
"Palmdale city, California",152936,153996,154861,156495,156770,156988,156739,156558,156158,155079
"Palm Desert city, California",48684,49251,49775,50357,50916,51552,52077,52794,53129,53275
"Palm Springs city, California",44781,45225,45716,46158,46634,47111,47577,48048,48355,48518
"Palo Alto city, California",64535,65345,66089,66613,66848,66782,67353,66960,66258,65364
"Palos Verdes Estates city, California",13435,13480,13508,13541,13548,13555,13536,13462,13360,13273
"Paradise town, California",26198,26085,26165,26245,26353,26378,26482,26629,26711,4476
"Paramount city, California",54104,54329,54580,54854,54914,54971,54789,54621,54259,53955
"Parlier city, California",14614,14703,14789,14882,14991,15141,15213,15283,15342,15618
"Pasadena city, California",137111,137652,138097,139292,139529,141025,141601,141757,140906,141029
"Patterson city, California",20647,20719,20827,20985,21270,21509,21824,22125,22345,22524
"Perris city, California",69000,70426,71229,72295,73485,74613,76046,77563,78903,79291
"Petaluma city, California",58037,58236,58728,59337,59753,60295,60468,60682,61826,60520
"Pico Rivera city, California",62960,63221,63430,63597,63637,63670,63438,63133,62677,62027
"Piedmont city, California",10711,10815,10946,11085,11228,11361,11401,11368,11251,11135
"Pinole city, California",18377,18528,18701,18880,19057,19232,19330,19333,19325,19250
"Pismo Beach city, California",7667,7696,7781,7856,7900,8117,8180,8220,8206,8168
"Pittsburg city, California",63522,64546,65523,66646,67974,69260,70798,72000,72450,72588
"Placentia city, California",50994,51503,51838,52105,52108,52202,52154,51916,51538,51233
"Placerville city, California",10479,10436,10445,10562,10674,10762,10810,11020,11064,11175
"Pleasant Hill city, California",33155,33420,33735,34062,34385,34700,34883,34903,34889,34839
"Pleasanton city, California",70381,71133,72098,74026,77454,79265,82330,82831,82357,81777
"Plymouth city, California",985,979,971,968,965,973,985,995,1036,1076
"Point Arena city, California",449,447,448,446,448,448,448,449,452,449
"Pomona city, California",149107,149693,150453,151072,152225,152407,152445,152468,151925,151691
"Porterville city, California",58197,58540,58708,58891,58995,59721,59699,59745,59685,59599
"Port Hueneme city, California",21726,21755,21823,22114,22049,22334,22243,22217,22117,21926
"Portola city, California",2093,2060,2014,1961,1929,1906,1927,1922,1928,1930
"Portola Valley town, California",4359,4410,4466,4514,4572,4603,4612,4596,4591,4568
"Poway city, California",47951,48622,48997,49377,49649,49877,49915,49802,49576,49323
"Rancho Cordova city, California",65067,65970,66725,67722,69389,70640,72162,73398,74478,75087
"Rancho Cucamonga city, California",166226,167928,169959,170815,173220,174203,175782,176921,177345,177603
"Rancho Mirage city, California",17218,17358,17474,17607,17761,17886,18053,18225,18305,18528
"Rancho Palos Verdes city, California",41692,42027,42202,42326,42368,42401,42303,42136,41821,41530
"Rancho Santa Margarita city, California",47918,48331,48588,49038,49069,49027,48828,48566,48197,47896
"Red Bluff city, California",14086,14060,14056,14022,13987,14097,14167,14265,14303,14539
"Redding city, California",89895,90180,90397,90773,91120,90963,91203,91525,91606,92590
"Redlands city, California",68807,69320,69637,69800,70209,70625,71027,71342,71416,71513
"Redondo Beach city, California",66933,67192,67438,67629,67673,67771,67809,67511,67206,66749
"Redwood City city, California",77010,77970,79188,81034,82741,85274,85293,86394,86105,85925
"Reedley city, California",24414,24768,24848,25002,25395,25541,25583,25602,25607,25658
"Rialto city, California",99329,100563,101278,101547,102031,102485,102896,103234,103232,103526
"Richmond city, California",103631,104882,106023,107083,107921,109062,109663,109860,110189,110567
"Ridgecrest city, California",27684,27904,28275,28569,28591,28616,28604,28699,28851,28973
"Rio Dell city, California",3372,3394,3364,3365,3364,3368,3399,3399,3381,3349
"Rio Vista city, California",7383,7443,7549,7712,8005,8280,8598,8952,9206,9718
"Ripon city, California",14453,14603,14724,14803,14998,15185,15551,15754,16018,16386
"Riverbank city, California",22762,23102,23225,23400,23606,23879,24271,24585,24700,24881
"Riverside city, California",305466,309472,312323,315510,317702,320483,323684,326882,329654,331360
"Rocklin city, California",57474,58426,58962,59613,60060,60908,62605,64654,67065,68823
"Rohnert Park city, California",40855,40990,41070,41325,42104,42293,42570,42697,43676,43291
"Rolling Hills city, California",1860,1867,1878,1885,1884,1882,1880,1871,1861,1845
"Rolling Hills Estates city, California",8062,8098,8145,8183,8193,8211,8203,8176,8114,8058
"Rosemead city, California",53795,54022,54215,54398,54429,54440,54332,54221,54226,54058
"Roseville city, California",119916,122725,124432,126769,128397,130018,132708,135077,138953,141500
"Ross town, California",2423,2442,2452,2473,2485,2482,2472,2464,2457,2451
"Sacramento city, California",467286,470902,474226,478214,482762,488133,494127,500777,507737,513624
"St. Helena city, California",5824,5859,5882,5921,5946,6026,6103,6152,6142,6102
"Salinas city, California",150887,152412,153815,154958,155717,156244,156830,156463,155647,155465
"San Anselmo town, California",12320,12418,12472,12586,12623,12608,12572,12523,12522,12476
"San Bernardino city, California",210637,212159,213161,213789,214222,215325,216036,216902,216323,215784
"San Bruno city, California",41145,41558,42126,42593,42992,43243,43196,43207,43043,42807
"San Buenaventura (Ventura) city, California",107435,108306,109002,109339,109535,109668,109893,110093,110731,109106
"San Carlos city, California",28417,28750,29122,29426,29723,29901,29894,30393,30331,30185
"San Clemente city, California",63605,64255,64612,64845,64947,65142,65185,64973,64699,64558
"Sand City city, California",335,337,340,343,377,378,381,384,396,399
"San Diego city, California",1305906,1319592,1336776,1355320,1375831,1387323,1402089,1412621,1421917,1423851
"San Dimas city, California",33377,33509,33637,33745,34319,34344,34236,34128,33881,33621
"San Fernando city, California",23643,23742,23777,24088,24399,24708,24630,24562,24437,24322
"San Francisco city, California",805505,815650,828876,839572,850750,863010,871512,878040,880696,881549
"San Gabriel city, California",39647,39810,39944,40033,40053,40089,40276,40262,40197,39899
"Sanger city, California",24298,24444,24504,24575,24661,24802,24944,25065,25256,25339
"San Jacinto city, California",44417,44953,45364,45829,46231,46645,47319,48088,48734,49215
"San Joaquin city, California",3995,3993,3996,4005,4004,4013,4020,4026,4022,4021
"San Jose city, California",954940,970369,983530,1001279,1014273,1025980,1030242,1032335,1028020,1021795
"San Juan Bautista city, California",1850,1861,1879,1897,1906,1926,1956,1964,1954,2104
"San Juan Capistrano city, California",34483,34862,35096,35525,35779,35935,35941,35882,35902,35911
"San Leandro city, California",85119,85921,86976,88074,89195,90538,90706,90418,89713,88815
"San Luis Obispo city, California",45156,45346,45728,46236,46478,47016,47313,47344,47300,47459
"San Marcos city, California",83926,85001,86816,89423,92372,93199,94932,95614,96480,96664
"San Marino city, California",13104,13155,13192,13235,13263,13308,13291,13244,13137,13048
"San Mateo city, California",97383,98518,99816,101323,102695,103509,104357,104389,104885,104430
"San Pablo city, California",29474,29517,29800,30083,30365,30724,30999,31077,31100,30990
"San Rafael city, California",57797,58232,58448,58995,59130,59074,58918,58801,58704,58440
"San Ramon city, California",71585,72174,72850,73560,74329,75138,75703,75795,75851,75995
"Santa Ana city, California",325327,328227,330550,333716,333431,333417,333765,332627,331912,332318
"Santa Barbara city, California",88468,88605,89285,90082,90815,91275,91518,91517,91203,91364
"Santa Clara city, California",116761,117836,119337,120486,121967,126024,126429,126709,129085,130365
"Santa Clarita city, California",208822,209843,210672,211376,212283,213184,213526,213734,213549,212979
"Santa Cruz city, California",60578,61434,61954,62731,63172,64082,64396,64815,64643,64608
"Santa Fe Springs city, California",16255,16493,16711,16983,17359,17859,17955,17866,17774,17630
"Santa Maria city, California",99689,100293,101116,102057,103021,104462,105811,106298,107218,107263
"Santa Monica city, California",89759,90476,91327,92050,92087,92422,92176,91747,91106,90401
"Santa Paula city, California",29325,29754,29919,30099,30348,30336,30243,30143,29930,29806
"Santa Rosa city, California",175238,176243,177093,178684,180585,181485,181909,181596,176750,176753
"Santee city, California",53640,54523,55381,56151,56828,57471,57678,57825,57944,58081
"Saratoga city, California",30078,30353,30685,30957,31008,30977,30945,30818,30535,30153
"Sausalito city, California",6959,7018,7047,7115,7159,7157,7136,7108,7101,7068
"Scotts Valley city, California",11581,11621,11653,11743,11828,11907,11910,11891,11817,11757
"Seal Beach city, California",24109,24320,24456,24537,24506,24475,24400,24209,24050,23896
"Seaside city, California",33094,33329,33731,33929,33945,34255,34198,33872,33782,33748
"Sebastopol city, California",7474,7537,7584,7656,7706,7731,7742,7716,7833,7674
"Selma city, California",23459,23570,23886,24259,24325,24440,24683,24695,24758,24825
"Shafter city, California",17160,17440,17194,17273,17612,18367,18985,19472,19998,20401
"Shasta Lake city, California",10145,10101,10097,10108,10112,10094,10107,10165,10236,10413
"Sierra Madre city, California",10917,10959,10995,11028,11056,11065,11022,10968,10879,10793
"Signal Hill city, California",11018,11058,11142,11288,11420,11466,11602,11551,11516,11421
"Simi Valley city, California",124463,125019,125274,125868,126239,126123,125958,126107,125438,125613
"Solana Beach city, California",12898,13013,13112,13219,13283,13374,13400,13377,13339,13296
"Soledad city, California",26027,26391,26459,25772,25239,24882,25594,26154,25968,25999
"Solvang city, California",5236,5259,5306,5355,5468,5680,5749,5865,5861,5838
"Sonoma city, California",10668,10707,10805,10872,10968,11009,11047,11070,11227,11024
"Sonora city, California",4899,4867,4819,4814,4807,4812,4820,4835,4859,4864
"South El Monte city, California",20100,20187,20261,20341,20351,20688,20818,20865,20729,20574
"South Gate city, California",94434,94591,94577,94674,94741,95597,95245,94848,94135,93444
"South Lake Tahoe city, California",21410,21376,21292,21360,21512,21722,21761,21943,22052,22197
"South Pasadena city, California",25607,25701,25798,25872,25897,25914,25826,25707,25530,25329
"South San Francisco city, California",63701,64448,65581,66237,66813,67221,67220,67180,67617,67789
"Stanton city, California",37900,38231,38374,38550,38504,38655,38627,38382,38172,38139
"Stockton city, California",292888,295363,297045,297493,301062,304550,307158,310143,311628,312697
"Suisun City city, California",28098,28267,28463,28670,29064,29265,29362,29477,29660,29663
"Sunnyvale city, California",140462,143805,146436,148055,149769,151630,153544,153217,152807,152703
"Susanville city, California",17725,17273,16606,15519,15505,15209,14786,15239,15102,15010
"Sutter Creek city, California",2519,2501,2479,2469,2480,2503,2533,2572,2614,2622
"Taft city, California",9285,9285,8922,8926,8887,9466,9357,9386,9381,9272
"Tehachapi city, California",14367,14332,13827,13289,13227,13004,12471,12565,12399,13011
"Tehama city, California",419,418,417,415,414,417,418,421,422,373
"Temecula city, California",100703,102640,104295,106073,108671,111140,112402,113987,114614,114761
"Temple City city, California",35556,35721,35860,35910,35922,36059,36250,36152,36008,35811
"Thousand Oaks city, California",126732,127325,127657,128224,128636,128632,128480,128229,127279,126813
"Tiburon town, California",8957,9033,9072,9161,9194,9190,9158,9126,9121,9084
"Torrance city, California",145154,145769,146257,146671,146845,146950,146416,145781,144706,143592
"Tracy city, California",83620,84302,84727,84872,85713,86953,89181,90701,91818,94740
"Trinidad city, California",369,368,363,361,358,357,361,361,360,355
"Truckee town, California",16167,16151,16083,16085,16238,16266,16350,16482,16537,16735
"Tulare city, California",59432,59789,60625,60905,61444,61915,62538,63486,64274,65496
"Tulelake city, California",1009,1003,993,985,986,987,986,986,982,978
"Turlock city, California",68848,69251,69719,70261,70868,71776,72578,73241,73396,73631
"Tustin city, California",75472,76227,77575,78122,80138,80088,80245,80121,79578,79348
"Twentynine Palms city, California",25101,25362,25607,25686,25751,25871,25941,26478,26371,26073
"Ukiah city, California",16024,15919,15909,15854,15873,15831,15828,15956,16151,15995
"Union City city, California",69630,70597,71642,72552,73481,74343,75465,75227,74560,74107
"Upland city, California",73884,74465,74933,75188,75542,75970,76374,76778,76833,77140
"Vacaville city, California",92557,93225,93660,94023,95394,96224,97994,99604,99949,100670
"Vallejo city, California",116137,116709,117599,118550,119602,120477,120949,121546,121677,121692
"Vernon city, California",112,112,113,113,113,113,113,112,111,110
"Victorville city, California",116278,117891,119831,120697,121087,121442,121725,121988,121952,122385
"Villa Park city, California",5830,5882,5913,5940,5933,5928,5907,5867,5823,5790
"Visalia city, California",124869,125649,126420,127309,128482,129369,130662,132388,133428,134605
"Vista city, California",93401,94355,95307,96211,96999,99623,100746,100740,100784,101638
"Walnut city, California",29203,29471,29842,29919,29940,29990,29925,30015,29910,29685
"Walnut Creek city, California",64314,64827,65529,66812,67500,68747,69235,69645,69843,70166
"Wasco city, California",25683,25845,25471,25909,26201,26161,26322,26855,27915,28710
"Waterford city, California",8468,8498,8541,8579,8679,8744,8823,8898,8936,8962
"Watsonville city, California",51278,51593,51887,52412,52959,53528,53774,53919,53875,53856
"Weed city, California",2981,2980,2938,2884,2712,2542,2643,2705,2695,2725
"West Covina city, California",106123,106721,107082,107348,107447,107540,107437,106942,105964,105101
"West Hollywood city, California",34359,34501,34631,35101,35475,35856,36510,36796,36687,36475
"Westlake Village city, California",8305,8350,8401,8446,8452,8457,8428,8392,8327,8217
"Westminster city, California",89772,90710,91223,91624,91555,91582,91510,91176,90742,90643
"Westmorland city, California",2234,2253,2255,2256,2263,2258,2267,2272,2270,2254
"West Sacramento city, California",48842,49106,49528,49978,51637,52431,52933,53304,53601,53519
"Wheatland city, California",3514,3518,3524,3508,3508,3728,3763,3819,3869,3873
"Whittier city, California",85319,85633,85968,86326,86482,86705,86600,86326,85791,85098
"Wildomar city, California",32416,32908,33230,33639,35111,35317,35920,36697,37086,37229
"Williams city, California",5110,5105,5107,5125,5098,5106,5145,5265,5242,5408
"Willits city, California",4922,4881,4874,4859,4862,4867,4885,4898,4925,4890
"Willows city, California",6148,6138,6084,6064,6064,6011,6018,6005,6004,6072
"Windsor town, California",26811,26882,26994,27157,27280,27373,27493,27431,27769,27128
"Winters city, California",6621,6832,6868,6894,6922,7006,7139,7251,7277,7315
"Woodlake city, California",7317,7327,7355,7600,7629,7625,7614,7629,7621,7658
"Woodland city, California",55615,55786,56272,56713,57328,58385,59098,59923,60474,60548
"Woodside town, California",5291,5353,5412,5471,5521,5555,5570,5547,5504,5458
"Yorba Linda city, California",64390,65610,66282,66803,67359,67527,68033,67895,67589,67644
"Yountville city, California",2927,2938,2944,2954,2971,2992,2992,2977,2982,2966
"Yreka city, California",7789,7743,7646,7546,7533,7539,7545,7557,7523,7518
"Yuba City city, California",65631,65364,65283,65538,65757,66134,66218,66564,66695,67010
"Yucaipa city, California",51474,51954,52280,52546,52730,52981,53186,53496,53557,53921
"Yucca Valley town, California",20695,20867,20991,21044,21304,21431,21538,21650,21691,21777